{
    "CoinsPositions": [
        {
            "x": 9.796185493469239,
            "y": -8.15439510345459,
            "z": 0.0
        }
    ]
}