{
    "CoinsPositions": [
        {
            "x": -20.3342342376709,
            "y": 0.4706478416919708,
            "z": 0.0
        },
        {
            "x": 15.76734447479248,
            "y": 5.660460472106934,
            "z": 0.0
        },
        {
            "x": 11.284856796264649,
            "y": -10.931331634521485,
            "z": 0.008142154663801194
        }
    ]
}