{
    "CoinsPositions": [
        {
            "x": 15.76734447479248,
            "y": 5.660460472106934,
            "z": 0.0
        },
        {
            "x": -20.3342342376709,
            "y": 0.4706478416919708,
            "z": 0.0
        }
    ]
}