{
    "CoinsPositions": [
        {
            "x": -20.203248977661134,
            "y": -9.251140594482422,
            "z": 0.0
        },
        {
            "x": 1.1337679624557496,
            "y": -5.871967792510986,
            "z": 0.008142154663801194
        },
        {
            "x": 1.6833276748657227,
            "y": -10.931331634521485,
            "z": 0.008142154663801194
        }
    ]
}