{
    "CoinsPositions": [
        {
            "x": 12.29780101776123,
            "y": -6.4869818687438969,
            "z": 0.0
        },
        {
            "x": 1.6833276748657227,
            "y": -10.931331634521485,
            "z": 0.008142154663801194
        }
    ]
}