{
    "CoinsPositions": [
        {
            "x": 9.796185493469239,
            "y": -8.15439510345459,
            "z": 0.0
        },
        {
            "x": -14.683561325073243,
            "y": -10.819999694824219,
            "z": 0.0
        },
        {
            "x": 15.815906524658204,
            "y": 7.989614009857178,
            "z": 0.0
        }
    ]
}