{
    "CoinsPositions": [
        {
            "x": -20.3342342376709,
            "y": 0.4706478416919708,
            "z": 0.0
        }
    ]
}