{
    "Position": {
        "x": 6.053642749786377,
        "y": -0.8056122660636902,
        "z": 0.008142154663801194
    },
    "Target": {
        "instanceID": 26602
    },
    "CurrentPoint": 3,
    "IsPlayerMoveLeft": false,
    "IsPlayerMoveRight": false,
    "IsPlayerMoveUp": false,
    "IsPlayerMoveDown": false
}