{
    "Position": {
        "x": 13.924331665039063,
        "y": -2.6129508018493654,
        "z": 0.008142154663801194
    },
    "Target": {
        "instanceID": 26280
    },
    "CurrentPoint": 3,
    "IsPlayerMoveLeft": false,
    "IsPlayerMoveRight": true,
    "IsPlayerMoveUp": false,
    "IsPlayerMoveDown": false
}