{
    "Position": {
        "x": 11.715234756469727,
        "y": -10.931331634521485,
        "z": 0.008142154663801194
    },
    "Target": {
        "instanceID": 112574
    },
    "CurrentPoint": 1,
    "IsPlayerMoveLeft": true,
    "IsPlayerMoveRight": false,
    "IsPlayerMoveUp": false,
    "IsPlayerMoveDown": false
}