{
    "Position": {
        "x": 1.1500300168991089,
        "y": -3.211916208267212,
        "z": 0.008142154663801194
    },
    "Target": {
        "instanceID": 26142
    },
    "CurrentPoint": 2,
    "IsPlayerMoveLeft": false,
    "IsPlayerMoveRight": false,
    "IsPlayerMoveUp": true,
    "IsPlayerMoveDown": false
}