{
    "Position": {
        "x": 14.052664756774903,
        "y": -6.771193504333496,
        "z": 0.008142154663801194
    },
    "Target": {
        "instanceID": 26634
    },
    "CurrentPoint": 0,
    "IsPlayerMoveLeft": false,
    "IsPlayerMoveRight": false,
    "IsPlayerMoveUp": false,
    "IsPlayerMoveDown": true
}