{
    "Position": {
        "x": 1.1724082231521607,
        "y": 0.4486719071865082,
        "z": 0.008142154663801194
    },
    "Target": {
        "instanceID": 26084
    },
    "CurrentPoint": 2,
    "IsPlayerMoveLeft": false,
    "IsPlayerMoveRight": true,
    "IsPlayerMoveUp": false,
    "IsPlayerMoveDown": false
}