{
    "Position": {
        "x": 1.1393941640853882,
        "y": -4.951470851898193,
        "z": 0.008142154663801194
    },
    "Target": {
        "instanceID": 26224
    },
    "CurrentPoint": 2,
    "IsPlayerMoveLeft": false,
    "IsPlayerMoveRight": false,
    "IsPlayerMoveUp": true,
    "IsPlayerMoveDown": false
}